12333,-green,green
7365,-green,green
16872,-green,green
4445,-green,green
14553,-green,green
12341,-green,green
3711,-green,green
6455,-green,green
1142,-yellow,yellow
18875,-yellow,yellow
1297,-yellow,yellow
5738,-yellow,yellow
15536,-yellow,yellow
7495,-yellow,yellow
17893,-yellow,yellow
8953,-yellow,yellow
16030,agate,brown
16144,agate,brown
5040,agate,brown
454,agate,brown
2150,agate,brown
10535,agate,brown
3995,agate,brown
19067,agate,brown
10909,alabaster,white
11678,alabaster,white
14840,alabaster,white
2959,alabaster,white
17618,alabaster,white
15578,alabaster,white
18710,alabaster,white
11525,alabaster,white
15690,amaranth,red
7852,amaranth,red
5331,amaranth,red
15971,amaranth,red
15732,amaranth,red
1515,amaranth,red
17153,amaranth,red
19238,amaranth,red
1386,amber,yellow
13440,amber,yellow
12804,amber,yellow
1686,amber,yellow
10133,amber,yellow
12282,amber,yellow
6947,amber,yellow
16028,amber,yellow
8827,amber-colored,NULL
5361,amber-colored,NULL
708,amber-colored,NULL
6546,amber-colored,NULL
10394,amber-colored,NULL
5606,amber-colored,NULL
6176,amber-colored,NULL
14985,amber-colored,yellow
17077,amethyst,purple
5987,amethyst,purple
8256,amethyst,purple
15469,amethyst,purple
18177,amethyst,purple
9977,amethyst,purple
8079,amethyst,purple
5206,amethyst,purple
18490,amethystine,purple
18738,amethystine,purple
15049,amethystine,purple
2693,amethystine,purple
1292,amethystine,purple
15958,amethystine,purple
5679,amethystine,purple
17415,amethystine,purple
15560,apple-green,green
7311,apple-green,green
4259,apple-green,green
7526,apple-green,green
2301,apple-green,green
5015,apple-green,green
12801,apple-green,green
6492,apple-green,green
3873,apricot,orange
4633,apricot,orange
199,apricot,orange
6291,apricot,orange
16247,apricot,orange
16561,apricot,orange
9163,apricot,orange
491,apricot,orange
11710,aqua,blue
12365,aqua,blue
12764,aqua,blue
8808,aqua,blue
2017,aqua,blue
10121,aqua,blue
1673,aqua,blue
933,aqua,blue
10387,argent,gray
2095,argent,gray
11568,argent,gray
3459,argent,gray
7352,argent,gray
3645,argent,gray
7504,argent,gray
2188,argent,gray
9087,ash-colored,gray
2502,ash-gray,gray
8728,ash-gray,gray
12874,ash-gray,gray
19477,ash-gray,gray
1457,ash-gray,gray
2342,ash-gray,gray
4128,ash-gray,gray
16916,ash-gray,gray
7707,ashen-gray,gray
8642,ashen-gray,gray
13470,ashen-gray,gray
15904,ashen-gray,gray
7329,ashen-gray,gray
1463,ashen-gray,gray
8366,ashen-gray,gray
10163,ashen-gray,gray
11104,auburn,brown
1653,auburn,brown
873,auburn,brown
18786,auburn,brown
8067,auburn,brown
1006,auburn,brown
12438,auburn,brown
19118,auburn,brown
13291,azure,blue
13210,azure,blue
2327,azure,blue
13675,azure,blue
11369,azure,blue
15626,azure,blue
11011,azure,blue
9686,azure,blue
3035,azure-blue,blue
19404,azure-blue,blue
329,azure-blue,blue
2817,azure-blue,blue
15772,azure-blue,blue
8181,azure-blue,blue
7051,azure-blue,blue
14449,azure-blue,blue
14813,berry-brown,brown
14895,berry-brown,brown
16475,berry-brown,brown
8631,berry-brown,brown
2696,berry-brown,brown
6471,berry-brown,brown
9994,berry-brown,brown
18917,berry-brown,brown
7242,beryl,green
11212,beryl,green
16090,beryl,green
7510,beryl,green
2007,beryl,green
16759,beryl,green
14327,beryl,green
13110,beryl,green
11748,black,black
11981,black,black
18275,black,black
19236,black,black
712,black,black
13973,black,black
2139,black,black
2238,black,black
279,black-blue,blue
724,black-blue,blue
5695,black-blue,blue
11983,black-blue,blue
1461,black-blue,blue
12939,black-blue,blue
1342,black-blue,blue
19235,black-blue,blue
992,black-brown,brown
10447,black-brown,brown
15888,black-brown,brown
6334,black-brown,brown
18123,black-brown,brown
11649,black-brown,brown
9413,black-brown,brown
9690,black-brown,brown
15548,black-green,green
715,black-green,green
1197,black-green,green
17674,black-green,green
5279,black-green,green
17442,black-green,green
1219,black-green,green
8778,black-green,green
13490,blacken,black
14569,blacken,black
11630,blacken,black
5816,blacken,black
15966,blacken,black
19434,blacken,black
2950,blacken,black
14168,blacken,black
13500,blacker,black
14584,blacker,black
11640,blacker,black
5814,blacker,black
15948,blacker,black
19370,blacker,black
2936,blacker,black
14156,blacker,black
10990,blackest,black
14251,blackest,black
12680,blackest,black
8672,blackest,black
3214,blackest,black
3549,blackest,black
4901,blackest,black
13229,blackest,black
9463,blackish,black
7121,blackish,black
15988,blackish,black
11785,blackish,black
4756,blackish,black
17402,blackish,black
1880,blackish,black
6190,blackish,black
13085,blood-colored,NULL
15482,blood-colored,NULL
6971,blood-colored,NULL
11487,blood-colored,NULL
18413,blood-colored,NULL
10806,blood-colored,NULL
17217,blood-colored,NULL
14966,blood-colored,red
12723,blood-red,red
2803,blood-red,red
5128,blood-red,red
3144,blood-red,red
1941,blood-red,red
6778,blood-red,red
6408,blood-red,red
739,blood-red,red
11119,blue,blue
15711,blue,blue
5369,blue,blue
15819,blue,blue
4817,blue,blue
18152,blue,blue
9116,blue,blue
15084,blue,blue
18262,blue-black,black
2967,blue-black,black
18051,blue-black,black
7733,blue-black,black
11018,blue-black,black
16696,blue-black,black
3914,blue-black,black
1900,blue-black,black
14668,blue-gray,gray
1692,blue-gray,gray
3242,blue-gray,gray
9546,blue-gray,gray
6899,blue-gray,gray
18629,blue-gray,gray
1792,blue-gray,gray
13668,blue-gray,gray
16023,blue-green,blue
7868,blue-green,blue
14938,blue-green,blue
9446,blue-green,blue
12227,blue-green,blue
11598,blue-green,blue
7098,blue-green,blue
4797,blue-green,blue
5193,blue-white,white
1908,blue-white,white
2083,blue-white,white
19354,blue-white,white
18137,blue-white,white
1864,blue-white,white
15087,blue-white,white
17362,blue-white,white
2928,bluer,blue
9960,bluer,blue
6081,bluer,blue
14286,bluer,blue
15130,bluer,blue
7738,bluer,blue
7234,bluer,blue
7454,bluer,blue
10859,bluest,blue
62,bluest,blue
15348,bluest,blue
6226,bluest,blue
4795,bluest,blue
9575,bluest,blue
17117,bluest,blue
2006,bluest,blue
17973,bluish,blue
12544,bluish,blue
8399,bluish,blue
2991,bluish,blue
17293,bluish,blue
6446,bluish,blue
10152,bluish,blue
2192,bluish,blue
11603,bluish-gray,gray
6233,bluish-gray,gray
7847,bluish-gray,gray
4575,bluish-gray,gray
19486,bluish-gray,gray
13114,bluish-gray,gray
8355,bluish-gray,gray
11464,bluish-gray,gray
14702,bluish-white,white
13197,bluish-white,white
5144,bluish-white,white
1886,bluish-white,white
12997,bluish-white,white
8361,bluish-white,white
12972,bluish-white,white
9979,bluish-white,white
11299,blush-colored,red
10120,blush-rose,rose
6642,blush-rose,rose
12189,blush-rose,rose
16757,blush-rose,rose
18771,blush-rose,rose
18959,blush-rose,rose
15594,blush-rose,rose
12571,blush-rose,rose
15734,bone,white
19495,bone,white
18576,bone,white
12075,bone,white
3996,bone,white
17171,bone,white
4104,bone,white
5691,bone,white
8471,bottle-green,green
5036,bottle-green,green
19480,bottle-green,green
1785,bottle-green,green
2336,bottle-green,green
6748,bottle-green,green
1632,bottle-green,green
11239,bottle-green,green
10298,bowling-green,green
19042,bowling-green,green
1021,bowling-green,green
14228,bowling-green,green
18361,bowling-green,green
12647,bowling-green,green
15238,bowling-green,green
15841,bowling-green,green
18082,brick,red
19187,brick,red
15183,brick,red
14727,brick,red
5121,brick,red
11115,brick,red
16621,brick,red
17637,brick,red
11830,brick-colored,red
7502,brick-dust,red
10036,brick-dust,red
7972,brick-dust,red
15821,brick-dust,red
1494,brick-dust,red
6525,brick-dust,red
17969,brick-dust,red
17319,brick-dust,red
4588,brick-red,red
8885,brick-red,red
1411,brick-red,red
9422,brick-red,red
8486,brick-red,red
17791,brick-red,red
14849,brick-red,red
11335,brick-red,red
4256,bronze,brown
13893,bronze,brown
19103,bronze,brown
2825,bronze,brown
13141,bronze,brown
9323,bronze,brown
15077,bronze,brown
19200,bronze,brown
7649,bronze-colored,brown
6237,brown,brown
1592,brown,brown
4966,brown,brown
12749,brown,brown
7136,brown,brown
18971,brown,brown
6062,brown,brown
15627,brown,brown
17273,brown-black,black
16606,brown-black,black
10484,brown-black,black
17686,brown-black,black
12713,brown-black,black
13190,brown-black,black
16006,brown-black,black
3471,brown-black,black
4611,brown-red,red
18276,brown-red,red
1894,brown-red,red
16579,brown-red,red
18110,brown-red,red
1552,brown-red,red
703,brown-red,red
8949,brown-red,red
8538,browner,brown
1009,browner,brown
14097,browner,brown
424,browner,brown
17550,browner,brown
10911,browner,brown
7220,browner,brown
10487,browner,brown
6517,brownest,brown
12058,brownest,brown
9733,brownest,brown
938,brownest,brown
8612,brownest,brown
16922,brownest,brown
4109,brownest,brown
3392,brownest,brown
3277,brownish,brown
9651,brownish,brown
2864,brownish,brown
13477,brownish,brown
5487,brownish,brown
9739,brownish,brown
11192,brownish,brown
15961,brownish,brown
1939,burgundy,purple
16159,burgundy,purple
14562,burgundy,purple
2539,burgundy,purple
1289,burgundy,purple
6161,burgundy,purple
15095,burgundy,purple
6327,burgundy,purple
11729,canary,yellow
13507,canary,yellow
17208,canary,yellow
16861,canary,yellow
9465,canary,yellow
14150,canary,yellow
15921,canary,yellow
7347,canary,yellow
7025,canary-colored,yellow
681,carmine,red
4747,carmine,red
7646,carmine,red
19250,carmine,red
3187,carmine,red
5546,carmine,red
15543,carmine,red
5961,carmine,red
12115,carnation-colored,pink
15611,cerise,red
1407,cerise,red
16556,cerise,red
1821,cerise,red
6343,cerise,red
7016,cerise,red
13148,cerise,red
19385,cerise,red
7366,cerulean,blue
2688,cerulean,blue
7112,cerulean,blue
1527,cerulean,blue
6668,cerulean,blue
17290,cerulean,blue
13643,cerulean,blue
3483,cerulean,blue
10069,charcoal,gray
12882,charcoal,gray
12532,charcoal,gray
18364,charcoal,gray
8882,charcoal,gray
4560,charcoal,gray
12110,charcoal,gray
15137,charcoal,gray
14810,cherry,red
5504,cherry,red
13539,cherry,red
13415,cherry,red
4978,cherry,red
5747,cherry,red
17090,cherry,red
5386,cherry,red
5016,cherry-colored,NULL
18283,cherry-colored,NULL
3325,cherry-colored,NULL
7586,cherry-colored,NULL
9003,cherry-colored,NULL
10586,cherry-colored,NULL
6697,cherry-colored,NULL
16617,cherry-colored,red
3005,cherry-red,red
19094,cherry-red,red
11465,cherry-red,red
7932,cherry-red,red
18357,cherry-red,red
19185,cherry-red,red
2969,cherry-red,red
942,cherry-red,red
14196,chestnut,brown
19150,chestnut,brown
18967,chestnut,brown
15756,chestnut,brown
19051,chestnut,brown
12370,chestnut,brown
3928,chestnut,brown
13069,chestnut,brown
10323,chestnut-brown,brown
18458,chestnut-brown,brown
13063,chestnut-brown,brown
10263,chestnut-brown,brown
9503,chestnut-brown,brown
4814,chestnut-brown,brown
2298,chestnut-brown,brown
5156,chestnut-brown,brown
8789,chestnut-colored,NULL
10529,chestnut-colored,NULL
14680,chestnut-colored,NULL
3972,chestnut-colored,NULL
15832,chestnut-colored,NULL
5914,chestnut-colored,NULL
4513,chestnut-colored,NULL
9601,chestnut-colored,brown
6131,china-blue,blue
3634,china-blue,blue
4912,china-blue,blue
18314,china-blue,blue
4669,china-blue,blue
5470,china-blue,blue
1586,china-blue,blue
15870,china-blue,blue
14909,chocolate,brown
1825,chocolate,brown
10065,chocolate,brown
18332,chocolate,brown
6713,chocolate,brown
8588,chocolate,brown
8954,chocolate,brown
2729,chocolate,brown
7736,chocolate-colored,brown
4510,cinnamon,red
6673,cinnamon,red
1732,cinnamon,red
11196,cinnamon,red
798,cinnamon,red
3034,cinnamon,red
10245,cinnamon,red
18259,cinnamon,red
9539,cinnamon-colored,red
19092,claret,red
13567,claret,red
11425,claret,red
19111,claret,red
11155,claret,red
57,claret,red
15424,claret,red
9550,claret,red
9853,claret-colored,NULL
8360,claret-colored,NULL
17798,claret-colored,NULL
10220,claret-colored,NULL
231,claret-colored,NULL
12054,claret-colored,NULL
10457,claret-colored,NULL
4126,claret-colored,red
12611,clay-colored,gray
6646,clear-blue,blue
16106,clear-blue,blue
12354,clear-blue,blue
12026,clear-blue,blue
16285,clear-blue,blue
2925,clear-blue,blue
7457,clear-blue,blue
4680,clear-blue,blue
832,coal-black,black
19516,coal-black,black
13088,coal-black,black
17902,coal-black,black
5550,coal-black,black
11675,coal-black,black
17097,coal-black,black
13777,coal-black,black
18790,cobalt,blue
9947,cobalt,blue
5617,cobalt,blue
1728,cobalt,blue
6814,cobalt,blue
17561,cobalt,blue
2133,cobalt,blue
7114,cobalt,blue
4268,coffee-colored,NULL
1275,coffee-colored,NULL
11454,coffee-colored,NULL
17162,coffee-colored,NULL
4931,coffee-colored,NULL
17610,coffee-colored,NULL
13046,coffee-colored,NULL
17601,coffee-colored,brown
17583,copper,brown
4998,copper,brown
9876,copper,brown
15188,copper,brown
10316,copper,brown
1605,copper,brown
12122,copper,brown
15773,copper,brown
5929,copper-colored,NULL
18113,copper-colored,NULL
9423,copper-colored,NULL
1978,copper-colored,NULL
17858,copper-colored,NULL
19108,copper-colored,NULL
11231,copper-colored,NULL
14482,copper-colored,brown
634,coral,red
14736,coral,red
5213,coral,red
15731,coral,red
6003,coral,red
7359,coral,red
8426,coral,red
852,coral,red
11056,corn-colored,yellow
16828,cream,white
3708,cream,white
12255,cream,white
11443,cream,white
13810,cream,white
7463,cream,white
19034,cream,white
6909,cream,white
14855,cream-colored,NULL
16281,cream-colored,NULL
12961,cream-colored,NULL
11808,cream-colored,NULL
4179,cream-colored,NULL
5618,cream-colored,NULL
9231,cream-colored,NULL
12411,cream-colored,white
19149,cream-white,white
19441,cream-white,white
19485,cream-white,white
1438,cream-white,white
6311,cream-white,white
8362,cream-white,white
7163,cream-white,white
8934,cream-white,white
206,creamy-white,white
15789,creamy-white,white
13924,creamy-white,white
7961,creamy-white,white
16513,creamy-white,white
14193,creamy-white,white
12123,creamy-white,white
10743,creamy-white,white
14742,crimson,red
1537,crimson,red
4380,crimson,red
8415,crimson,red
5389,crimson,red
13715,crimson,red
10817,crimson,red
15383,crimson,red
15246,crimson-colored,NULL
3017,crimson-colored,NULL
9810,crimson-colored,NULL
13547,crimson-colored,NULL
856,crimson-colored,NULL
8509,crimson-colored,NULL
1990,crimson-colored,NULL
10963,crimson-colored,red
8963,dapple-gray,gray
4605,dapple-gray,gray
18760,dapple-gray,gray
9855,dapple-gray,gray
15149,dapple-gray,gray
9349,dapple-gray,gray
7905,dapple-gray,gray
980,dapple-gray,gray
19392,dead-black,black
17405,dead-black,black
5780,dead-black,black
461,dead-black,black
9134,dead-black,black
16563,dead-black,black
5919,dead-black,black
17337,dead-black,black
11475,dead-gold,gold
12101,dead-gold,gold
18599,dead-gold,gold
18173,dead-gold,gold
13033,dead-gold,gold
12030,dead-gold,gold
5532,dead-gold,gold
16329,dead-gold,gold
3143,dead-white,white
18282,dead-white,white
10003,dead-white,white
16755,dead-white,white
275,dead-white,white
12799,dead-white,white
15052,dead-white,white
6952,dead-white,white
4154,death-white,white
5221,death-white,white
11402,death-white,white
14795,death-white,white
18327,death-white,white
6143,death-white,white
7383,death-white,white
7125,death-white,white
17532,dirt-colored,brown
14350,dirty-white,white
12649,dirty-white,white
12843,dirty-white,white
1287,dirty-white,white
12985,dirty-white,white
12568,dirty-white,white
10033,dirty-white,white
18216,dirty-white,white
8421,dove-colored,white
1308,dull-gray,gray
7862,dull-gray,gray
5337,dull-gray,gray
1680,dull-gray,gray
9397,dull-gray,gray
5305,dull-gray,gray
15688,dull-gray,gray
11723,dull-gray,gray
6770,dull-red,red
398,dull-red,red
6379,dull-red,red
9115,dull-red,red
17634,dull-red,red
16135,dull-red,red
8651,dull-red,red
1719,dull-red,red
10508,dun,gray
1762,dun,gray
5694,dun,gray
6718,dun,gray
11720,dun,gray
4653,dun,gray
3167,dun,gray
6225,dun,gray
10929,dun-colored,NULL
16839,dun-colored,NULL
14670,dun-colored,NULL
3520,dun-colored,NULL
18519,dun-colored,NULL
15730,dun-colored,NULL
16645,dun-colored,NULL
1755,dun-colored,brown
1442,dusky-red,red
17788,dusky-red,red
502,dusky-red,red
2652,dusky-red,red
12925,dusky-red,red
16113,dusky-red,red
19144,dusky-red,red
13941,dusky-red,red
868,dust-colored,NULL
12202,dust-colored,NULL
2600,dust-colored,NULL
16750,dust-colored,NULL
17486,dust-colored,NULL
16955,dust-colored,NULL
13143,dust-colored,NULL
12977,dust-colored,gray
288,ebony,black
19353,ebony,black
9677,ebony,black
11245,ebony,black
13593,ebony,black
1683,ebony,black
7973,ebony,black
2256,ebony,black
9215,eggshell,white
13731,eggshell,white
121,eggshell,white
414,eggshell,white
11486,eggshell,white
11,eggshell,white
11220,eggshell,white
15027,eggshell,white
10820,emerald,green
14815,emerald,green
8650,emerald,green
16457,emerald,green
52,emerald,green
3443,emerald,green
18312,emerald,green
12487,emerald,green
18878,emerald-green,green
12570,emerald-green,green
6663,emerald-green,green
3502,emerald-green,green
18634,emerald-green,green
4744,emerald-green,green
18773,emerald-green,green
7477,emerald-green,green
7304,ever-green,green
7530,ever-green,green
973,ever-green,green
12278,ever-green,green
7700,ever-green,green
6511,ever-green,green
14379,ever-green,green
8769,ever-green,green
5599,faint-blue,blue
14322,faint-blue,blue
8711,faint-blue,blue
13223,faint-blue,blue
6360,faint-blue,blue
8166,faint-blue,blue
8581,faint-blue,blue
1382,faint-blue,blue
10714,fawn,brown
14538,fawn,brown
13701,fawn,brown
16851,fawn,brown
4642,fawn,brown
17672,fawn,brown
15165,fawn,brown
5877,fawn,brown
3580,fiery-red,red
10430,fiery-red,red
12331,fiery-red,red
19493,fiery-red,red
4038,fiery-red,red
12114,fiery-red,red
12876,fiery-red,red
4082,fiery-red,red
13737,fire-red,red
10971,fire-red,red
16286,fire-red,red
2480,fire-red,red
6900,fire-red,red
16989,fire-red,red
2424,fire-red,red
9315,fire-red,red
4684,flaxen,yellow
4053,flaxen,yellow
1288,flaxen,yellow
7752,flaxen,yellow
15593,flaxen,yellow
10813,flaxen,yellow
11455,flaxen,yellow
13329,flaxen,yellow
18749,flesh-colored,red
5674,forest-green,green
2723,forest-green,green
11794,forest-green,green
9276,forest-green,green
19274,forest-green,green
11156,forest-green,green
16401,forest-green,green
857,forest-green,green
8506,garnet,red
4799,garnet,red
8292,garnet,red
5185,garnet,red
8071,garnet,red
7872,garnet,red
8574,garnet,red
3888,garnet,red
19539,gilded,yellow
16995,gilded,yellow
2209,gilded,yellow
15001,gilded,yellow
485,gilded,yellow
11121,gilded,yellow
1546,gilded,yellow
4796,gilded,yellow
2646,gilt,yellow
12010,gilt,yellow
12569,gilt,yellow
10087,gilt,yellow
7575,gilt,yellow
15115,gilt,yellow
16357,gilt,yellow
6096,gilt,yellow
1854,ginger,red
12406,ginger,red
17471,ginger,red
15683,ginger,red
5688,ginger,red
10520,ginger,red
18883,ginger,red
4741,ginger,red
7614,gold,yellow
17025,gold,yellow
17608,gold,yellow
2440,gold,yellow
12512,gold,yellow
11555,gold,yellow
1477,gold,yellow
18107,gold,yellow
1429,gold-brown,brown
148,gold-brown,brown
9522,gold-brown,brown
14842,gold-brown,brown
12768,gold-brown,brown
11501,gold-brown,brown
17431,gold-brown,brown
15542,gold-brown,brown
9236,gold-colored,yellow
11268,golden,yellow
3695,golden,yellow
12265,golden,yellow
4870,golden,yellow
6836,golden,yellow
5072,golden,yellow
2670,golden,yellow
11321,golden,yellow
3258,golden-brown,brown
18323,golden-brown,brown
13540,golden-brown,brown
8117,golden-brown,brown
1373,golden-brown,brown
5104,golden-brown,brown
3379,golden-brown,brown
1509,golden-brown,brown
3302,golden-colored,yellow
14548,golden-green,green
10880,golden-green,green
2031,golden-green,green
18100,golden-green,green
849,golden-green,green
1919,golden-green,green
14455,golden-green,green
18894,golden-green,green
11899,golden-red,red
10393,golden-red,red
18153,golden-red,red
2554,golden-red,red
15493,golden-red,red
14943,golden-red,red
8185,golden-red,red
15603,golden-red,red
11366,golden-yellow,yellow
12964,golden-yellow,yellow
17827,golden-yellow,yellow
18674,golden-yellow,yellow
17991,golden-yellow,yellow
1158,golden-yellow,yellow
3188,golden-yellow,yellow
6719,golden-yellow,yellow
5658,grass-green,green
13553,grass-green,green
14691,grass-green,green
4608,grass-green,green
14862,grass-green,green
4921,grass-green,green
2295,grass-green,green
6470,grass-green,green
13581,gray,gray
16005,gray,gray
448,gray,gray
5746,gray,gray
11918,gray,gray
1069,gray,gray
17857,gray,gray
17474,gray,gray
14371,gray-black,black
3732,gray-black,black
10819,gray-black,black
3254,gray-black,black
18209,gray-black,black
15184,gray-black,black
2158,gray-black,black
10218,gray-black,black
14536,gray-blue,blue
1240,gray-blue,blue
6148,gray-blue,blue
13681,gray-blue,blue
14177,gray-blue,blue
6150,gray-blue,blue
11489,gray-blue,blue
3643,gray-blue,blue
13232,gray-brown,brown
3213,gray-brown,brown
11667,gray-brown,brown
19093,gray-brown,brown
11680,gray-brown,brown
4399,gray-brown,brown
2403,gray-brown,brown
19304,gray-brown,brown
4540,gray-colored,NULL
8874,gray-colored,NULL
18856,gray-colored,NULL
16705,gray-colored,NULL
4618,gray-colored,NULL
7877,gray-colored,NULL
14096,gray-colored,NULL
5217,gray-colored,gray
510,gray-green,green
17500,gray-green,green
669,gray-green,green
15537,gray-green,green
7913,gray-green,green
8406,gray-green,green
11872,gray-green,green
13391,gray-green,green
16227,gray-white,white
8160,gray-white,white
9412,gray-white,white
12360,gray-white,white
17146,gray-white,white
8844,gray-white,white
11483,gray-white,white
4285,gray-white,white
4957,grayer,gray
8149,grayer,gray
3943,grayer,gray
7381,grayer,gray
5270,grayer,gray
15176,grayer,gray
5722,grayer,gray
19143,grayer,gray
14464,grayest,gray
4037,grayest,gray
19333,grayest,gray
6151,grayest,gray
16793,grayest,gray
8008,grayest,gray
9502,grayest,gray
3737,grayest,gray
16037,grayish,gray
11226,grayish,gray
16104,grayish,gray
13262,grayish,gray
15393,grayish,gray
11099,grayish,gray
11888,grayish,gray
1511,grayish,gray
3147,grayish-blue,blue
14106,grayish-blue,blue
13978,grayish-blue,blue
6002,grayish-blue,blue
14140,grayish-blue,blue
12626,grayish-blue,blue
12729,grayish-blue,blue
12235,grayish-blue,blue
14541,green,green
15198,green,green
15947,green,green
8959,green,green
15231,green,green
8715,green,green
4054,green,green
5271,green,green
15584,green-baize,green
14188,green-baize,green
3664,green-baize,green
6025,green-baize,green
11523,green-baize,green
7979,green-baize,green
17249,green-baize,green
19386,green-baize,green
18362,green-gray,gray
7524,green-gray,gray
11545,green-gray,gray
2826,green-gray,gray
6421,green-gray,gray
2162,green-gray,gray
14057,green-gray,gray
6833,green-gray,gray
8982,greener,green
756,greener,green
17252,greener,green
17111,greener,green
15247,greener,green
9959,greener,green
18794,greener,green
6707,greener,green
19312,greenest,green
9740,greenest,green
17703,greenest,green
1150,greenest,green
13077,greenest,green
18986,greenest,green
2868,greenest,green
8189,greenest,green
17806,greenish,green
11295,greenish,green
19076,greenish,green
19232,greenish,green
16251,greenish,green
6374,greenish,green
15356,greenish,green
7274,greenish,green
18338,greenish-blue,blue
1050,greenish-blue,blue
7839,greenish-blue,blue
103,greenish-blue,blue
19454,greenish-blue,blue
2596,greenish-blue,blue
13186,greenish-blue,blue
7938,greenish-blue,blue
1089,greenish-gray,gray
4018,greenish-gray,gray
1481,greenish-gray,gray
12734,greenish-gray,gray
5330,greenish-gray,gray
5153,greenish-gray,gray
13274,greenish-gray,gray
18103,greenish-gray,gray
12259,greenish-yellow,yellow
13420,greenish-yellow,yellow
15820,greenish-yellow,yellow
6612,greenish-yellow,yellow
17398,greenish-yellow,yellow
16372,greenish-yellow,yellow
4523,greenish-yellow,yellow
8790,greenish-yellow,yellow
3388,hay-colored,NULL
6963,hay-colored,NULL
2359,hay-colored,NULL
2024,hay-colored,NULL
13654,hay-colored,NULL
622,hay-colored,NULL
13160,hay-colored,NULL
6289,hay-colored,yellow
10301,hazel,green
56,hazel,green
14223,hazel,green
15706,hazel,green
5309,hazel,green
18308,hazel,green
13058,hazel,green
161,hazel,green
4529,hazel-gray,gray
494,hazel-gray,gray
11046,hazel-gray,gray
2814,hazel-gray,gray
1054,hazel-gray,gray
6954,hazel-gray,gray
3865,hazel-gray,gray
19206,hazel-gray,gray
11004,heliotrope,blue
12918,heliotrope,blue
17070,heliotrope,blue
10391,heliotrope,blue
15488,heliotrope,blue
18013,heliotrope,blue
15117,heliotrope,blue
5101,heliotrope,blue
4144,henna,brown
5188,henna,brown
10196,henna,brown
9014,henna,brown
15299,henna,brown
17792,henna,brown
2099,henna,brown
11470,henna,brown
6285,honey,yellow
13158,honey,yellow
19574,honey,yellow
6946,honey,yellow
17421,honey,yellow
17645,honey,yellow
6661,honey,yellow
12117,honey,yellow
5711,hyacinth,blue
2970,hyacinth,blue
17829,hyacinth,blue
1503,hyacinth,blue
11645,hyacinth,blue
943,hyacinth,blue
12989,hyacinth,blue
17283,hyacinth,blue
12181,indigo,blue
7310,indigo,blue
10776,indigo,blue
336,indigo,blue
5706,indigo,blue
8759,indigo,blue
3440,indigo,blue
3157,indigo,blue
4419,ink-black,black
10319,ink-black,black
14185,ink-black,black
19190,ink-black,black
4838,ink-black,black
7554,ink-black,black
819,ink-black,black
7433,ink-black,black
16306,iris,purple
12521,iris,purple
3767,iris,purple
2365,iris,purple
19407,iris,purple
17531,iris,purple
1125,iris,purple
9797,iris,purple
14410,iron-gray,gray
6847,iron-gray,gray
11636,iron-gray,gray
17586,iron-gray,gray
8507,iron-gray,gray
545,iron-gray,gray
17348,iron-gray,gray
9650,iron-gray,gray
19327,ivory,white
13667,ivory,white
4150,ivory,white
11764,ivory,white
15602,ivory,white
19065,ivory,white
12223,ivory,white
6479,ivory,white
3877,ivory-white,white
749,ivory-white,white
6889,ivory-white,white
10962,ivory-white,white
13102,ivory-white,white
3941,ivory-white,white
8886,ivory-white,white
12624,ivory-white,white
8669,jade,green
2324,jade,green
17160,jade,green
18392,jade,green
17038,jade,green
2819,jade,green
17219,jade,green
19139,jade,green
12481,jet,black
17321,jet,black
13176,jet,black
19503,jet,black
10020,jet,black
16093,jet,black
10266,jet,black
1166,jet,black
10428,jet-black,black
17602,jet-black,black
4433,jet-black,black
9519,jet-black,black
17755,jet-black,black
10637,jet-black,black
10615,jet-black,black
12522,jet-black,black
12383,laburnum,yellow
1577,laburnum,yellow
18998,laburnum,yellow
11364,laburnum,yellow
18096,laburnum,yellow
9923,laburnum,yellow
13224,laburnum,yellow
17689,laburnum,yellow
9275,lavender,purple
4702,lavender,purple
3878,lavender,purple
17425,lavender,purple
4143,lavender,purple
16590,lavender,purple
4700,lavender,purple
15526,lavender,purple
10573,lavender-colored,purple
12053,leaden-colored,gray
18586,lemon,yellow
1707,lemon,yellow
6723,lemon,yellow
8157,lemon,yellow
685,lemon,yellow
16903,lemon,yellow
19221,lemon,yellow
5405,lemon,yellow
19010,lilac,purple
3901,lilac,purple
18317,lilac,purple
9004,lilac,purple
12246,lilac,purple
1322,lilac,purple
4821,lilac,purple
9717,lilac,purple
15585,lilac-colored,NULL
17004,lilac-colored,NULL
4473,lilac-colored,NULL
12699,lilac-colored,NULL
3532,lilac-colored,NULL
7370,lilac-colored,NULL
18604,lilac-colored,NULL
18056,lilac-colored,purple
10297,lily-white,white
14986,lily-white,white
1074,lily-white,white
19295,lily-white,white
15675,lily-white,white
6043,lily-white,white
8241,lily-white,white
3820,lily-white,white
6762,lime,green
16255,lime,green
15459,lime,green
13678,lime,green
11543,lime,green
8848,lime,green
12108,lime,green
8559,lime,green
14579,lint-white,white
6616,lint-white,white
11688,lint-white,white
6905,lint-white,white
7290,lint-white,white
12854,lint-white,white
9269,lint-white,white
8841,lint-white,white
3383,liver-colored,red
9780,livid,blue
8645,livid,blue
3390,livid,blue
15172,livid,blue
7908,livid,blue
14763,livid,blue
3360,livid,blue
1873,livid,blue
10217,madder,red
1122,madder,red
5960,madder,red
1309,madder,red
9056,madder,red
7514,madder,red
6986,madder,red
4239,madder,red
14639,magenta,purple
16631,magenta,purple
16276,magenta,purple
262,magenta,purple
8994,magenta,purple
19335,magenta,purple
13569,magenta,purple
8293,magenta,purple
17667,mahogany,brown
7579,mahogany,brown
13481,mahogany,brown
17619,mahogany,brown
7284,mahogany,brown
183,mahogany,brown
6210,mahogany,brown
10246,mahogany,brown
16864,mahogany-colored,brown
5649,maize-colored,NULL
5849,maize-colored,NULL
6366,maize-colored,NULL
18109,maize-colored,NULL
9643,maize-colored,NULL
1901,maize-colored,NULL
7637,maize-colored,NULL
7134,maize-colored,yellow
18449,malachite,green
1199,malachite,green
15875,malachite,green
6335,malachite,green
7820,malachite,green
9442,malachite,green
2197,malachite,green
19021,malachite,green
15850,marble-white,white
8484,marble-white,white
4982,marble-white,white
8562,marble-white,white
5497,marble-white,white
7254,marble-white,white
16509,marble-white,white
16516,marble-white,white
10902,marigold,yellow
15503,marigold,yellow
6242,marigold,yellow
4990,marigold,yellow
15264,marigold,yellow
3665,marigold,yellow
5720,marigold,yellow
9801,marigold,yellow
7219,maroon,red
19194,maroon,red
14714,maroon,red
11546,maroon,red
6819,maroon,red
10868,maroon,red
2410,maroon,red
8660,maroon,red
9046,maroon-colored,NULL
12135,maroon-colored,NULL
17896,maroon-colored,NULL
829,maroon-colored,NULL
16087,maroon-colored,NULL
13543,maroon-colored,NULL
12730,maroon-colored,NULL
4939,maroon-colored,red
104,mauve,purple
6930,mauve,purple
15485,mauve,purple
305,mauve,purple
6625,mauve,purple
17084,mauve,purple
17455,mauve,purple
15104,mauve,purple
4943,milk-white,white
18928,milk-white,white
8092,milk-white,white
12981,milk-white,white
6403,milk-white,white
7857,milk-white,white
11605,milk-white,white
15284,milk-white,white
7107,milky,white
13242,milky,white
2206,milky,white
127,milky,white
17928,milky,white
3999,milky,white
17457,milky,white
17804,milky,white
297,moss-green,green
2859,moss-green,green
17504,moss-green,green
6875,moss-green,green
2818,moss-green,green
14198,moss-green,green
1973,moss-green,green
554,moss-green,green
12962,moss-rose,rose
6177,moss-rose,rose
7013,moss-rose,rose
8381,moss-rose,rose
9194,moss-rose,rose
1584,moss-rose,rose
17434,moss-rose,rose
19523,moss-rose,rose
15265,mother-of-pearl,pearl
157,mother-of-pearl,pearl
110,mother-of-pearl,pearl
260,mother-of-pearl,pearl
13689,mother-of-pearl,pearl
14261,mother-of-pearl,pearl
12628,mother-of-pearl,pearl
5627,mother-of-pearl,pearl
19282,mouse-colored,gray
5056,mud-colored,brown
18396,mulberry-colored,black
5472,mummy,brown
5717,mummy,brown
6278,mummy,brown
12317,mummy,brown
19570,mummy,brown
4488,mummy,brown
1529,mummy,brown
2113,mummy,brown
2901,murrey-colored,NULL
8916,murrey-colored,NULL
19175,murrey-colored,NULL
6373,murrey-colored,NULL
5303,murrey-colored,NULL
9565,murrey-colored,NULL
11334,murrey-colored,NULL
14047,murrey-colored,red
16536,mustard,yellow
2916,mustard,yellow
4241,mustard,yellow
4995,mustard,yellow
13674,mustard,yellow
11234,mustard,yellow
4512,mustard,yellow
13931,mustard,yellow
10503,navy,blue
5828,navy,blue
5001,navy,blue
5195,navy,blue
4183,navy,blue
4496,navy,blue
2846,navy,blue
16643,navy,blue
1344,navy-blue,blue
10768,navy-blue,blue
7780,navy-blue,blue
3559,navy-blue,blue
13365,navy-blue,blue
9473,navy-blue,blue
14165,navy-blue,blue
6478,navy-blue,blue
13645,night-black,black
17812,night-black,black
839,night-black,black
8262,night-black,black
7389,night-black,black
14891,night-black,black
15392,night-black,black
10613,night-black,black
15211,nut-brown,brown
1046,nut-brown,brown
9505,nut-brown,brown
18355,nut-brown,brown
14372,nut-brown,brown
18085,nut-brown,brown
2067,nut-brown,brown
6921,nut-brown,brown
2571,ochre,brown
11972,ochre,brown
949,ochre,brown
2570,ochre,brown
10730,ochre,brown
14984,ochre,brown
17699,ochre,brown
14797,ochre,brown
14765,olive,green
18299,olive,green
17494,olive,green
11919,olive,green
15440,olive,green
17932,olive,green
8320,olive,green
6399,olive,green
5226,olive-brown,brown
8063,olive-brown,brown
17448,olive-brown,brown
19127,olive-brown,brown
15462,olive-brown,brown
4338,olive-brown,brown
15339,olive-brown,brown
10914,olive-brown,brown
13258,olive-colored,green
18841,olive-green,green
7207,olive-green,green
15218,olive-green,green
13280,olive-green,green
5105,olive-green,green
11044,olive-green,green
5315,olive-green,green
19211,olive-green,green
15407,opal,white
861,opal,white
11665,opal,white
14055,opal,white
2074,opal,white
3329,opal,white
17605,opal,white
4882,opal,white
10979,orange,orange
1934,orange,orange
11397,orange,orange
4155,orange,orange
9881,orange,orange
1812,orange,orange
14101,orange,orange
19155,orange,orange
14802,orange-colored,NULL
4414,orange-colored,NULL
13890,orange-colored,NULL
15538,orange-colored,NULL
16695,orange-colored,NULL
12125,orange-colored,NULL
16799,orange-colored,NULL
7609,orange-colored,orange
8911,orange-red,red
7011,orange-red,red
13955,orange-red,red
267,orange-red,red
11745,orange-red,red
14679,orange-red,red
12380,orange-red,red
9425,orange-red,red
1748,orange-tawny,tawny
11405,orange-tawny,tawny
6218,orange-tawny,tawny
11474,orange-tawny,tawny
6253,orange-tawny,tawny
11497,orange-tawny,tawny
9234,orange-tawny,tawny
15856,orange-tawny,tawny
17833,orchid,purple
425,orchid,purple
10004,orchid,purple
9587,orchid,purple
2845,orchid,purple
2853,orchid,purple
11417,orchid,purple
1154,orchid,purple
7066,parchment-colored,white
10741,pea-green,green
15233,pea-green,green
423,pea-green,green
5084,pea-green,green
11596,pea-green,green
9419,pea-green,green
10464,pea-green,green
15000,pea-green,green
17735,peach,orange
1265,peach,orange
11168,peach,orange
4395,peach,orange
15201,peach,orange
4716,peach,orange
3829,peach,orange
7210,peach,orange
10383,peach-colored,NULL
12858,peach-colored,NULL
9697,peach-colored,NULL
18404,peach-colored,NULL
4701,peach-colored,NULL
13,peach-colored,NULL
1469,peach-colored,NULL
11132,peach-colored,orange
278,peacock,green
3135,peacock,green
4469,peacock,green
10236,peacock,green
5650,peacock,green
18052,peacock,green
5333,peacock,green
11103,peacock,green
6850,pearl,white
16299,pearl,white
507,pearl,white
8283,pearl,white
19070,pearl,white
11027,pearl,white
19526,pearl,white
2611,pearl,white
9143,pearl-colored,white
7644,pearl-gray,gray
13287,pearl-gray,gray
6929,pearl-gray,gray
16297,pearl-gray,gray
1251,pearl-gray,gray
13012,pearl-gray,gray
12791,pearl-gray,gray
759,pearl-gray,gray
17112,pearl-white,white
17258,pearl-white,white
13097,pearl-white,white
17522,pearl-white,white
87,pearl-white,white
12316,pearl-white,white
9993,pearl-white,white
2163,pearl-white,white
15168,pearly,white
11791,pearly,white
9767,pearly,white
84,pearly,white
3340,pearly,white
17880,pearly,white
17542,pearly,white
1256,pearly,white
15321,pearly-white,white
17715,pearly-white,white
5869,pearly-white,white
5139,pearly-white,white
13764,pearly-white,white
8384,pearly-white,white
13037,pearly-white,white
13653,pearly-white,white
18801,pink,pink
1643,pink,pink
12319,pink,pink
5581,pink,pink
10877,pink,pink
5579,pink,pink
8686,pink,pink
4103,pink,pink
6896,pink-colored,pink
2247,pinker,pink
17103,pinker,pink
5698,pinker,pink
10131,pinker,pink
5210,pinker,pink
14947,pinker,pink
4218,pinker,pink
10713,pinker,pink
14046,pinkish,pink
15561,pinkish,pink
18294,pinkish,pink
7021,pinkish,pink
4121,pinkish,pink
4720,pinkish,pink
9238,pinkish,pink
446,pinkish,pink
6810,pistachio,green
18848,pistachio,green
301,pistachio,green
8921,pistachio,green
2436,pistachio,green
8325,pistachio,green
700,pistachio,green
16956,pistachio,green
3692,pitch-black,black
15048,pitch-black,black
6184,pitch-black,black
155,pitch-black,black
8694,pitch-black,black
6267,pitch-black,black
9041,pitch-black,black
2166,pitch-black,black
3514,plum,purple
6105,plum,purple
6534,plum,purple
11408,plum,purple
19199,plum,purple
19373,plum,purple
9827,plum,purple
13594,plum,purple
1716,plum-colored,NULL
13817,plum-colored,NULL
1114,plum-colored,NULL
14756,plum-colored,NULL
13636,plum-colored,NULL
18985,plum-colored,NULL
2454,plum-colored,NULL
6280,plum-colored,red
18685,primrose-colored,NULL
6620,primrose-colored,NULL
18886,primrose-colored,NULL
600,primrose-colored,NULL
16738,primrose-colored,NULL
19538,primrose-colored,NULL
7493,primrose-colored,NULL
11352,primrose-colored,yellow
3071,puce,purple
12807,puce,purple
13205,puce,purple
1165,puce,purple
4868,puce,purple
7751,puce,purple
10265,puce,purple
3436,puce,purple
12258,puce-colored,brown
5149,purple,purple
14075,purple,purple
11182,purple,purple
13450,purple,purple
18517,purple,purple
18811,purple,purple
17950,purple,purple
12993,purple,purple
5103,purple-black,black
234,purple-black,black
3154,purple-black,black
13698,purple-black,black
5334,purple-black,black
8038,purple-black,black
2635,purple-black,black
8227,purple-black,black
2338,purple-colored,purple
5537,purplish,purple
537,purplish,purple
17964,purplish,purple
17133,purplish,purple
14888,purplish,purple
12253,purplish,purple
17075,purplish,purple
8327,purplish,purple
5158,purply,purple
5378,purply,purple
8375,purply,purple
13459,purply,purple
18528,purply,purple
16207,purply,purple
17959,purply,purple
19498,purply,purple
17671,raven-black,black
10536,raven-black,black
13151,raven-black,black
9123,raven-black,black
6133,raven-black,black
18561,raven-black,black
7930,raven-black,black
10100,raven-black,black
6938,red,red
13261,red,red
7781,red,red
5519,red,red
4305,red,red
2061,red,red
13342,red,red
15180,red,red
1500,red-brick,brick
8566,red-brick,brick
18154,red-brick,brick
17142,red-brick,brick
7541,red-brick,brick
13523,red-brick,brick
14644,red-brick,brick
16868,red-brick,brick
13226,red-brown,brown
17746,red-brown,brown
17006,red-brown,brown
18284,red-brown,brown
6381,red-brown,brown
5850,red-brown,brown
16663,red-brown,brown
18842,red-brown,brown
17878,red-colored,red
1404,red-gold,yellow
13390,red-gold,yellow
7343,red-gold,yellow
1104,red-gold,yellow
3831,red-gold,yellow
5540,red-gold,yellow
1281,red-gold,yellow
6129,red-gold,yellow
5239,red-rose,rose
5288,red-rose,rose
18840,red-rose,rose
417,red-rose,rose
18884,red-rose,rose
17545,red-rose,rose
1587,red-rose,rose
690,red-rose,rose
309,redden,red
7031,redden,red
2525,redden,red
7469,redden,red
4432,redden,red
7473,redden,red
750,redden,red
5345,redden,red
292,redder,red
7028,redder,red
2520,redder,red
7467,redder,red
4421,redder,red
7461,redder,red
760,redder,red
5353,redder,red
10594,reddest,red
1238,reddest,red
14814,reddest,red
10585,reddest,red
4507,reddest,red
14006,reddest,red
18602,reddest,red
6570,reddest,red
17647,reddish,red
13804,reddish,red
7708,reddish,red
3465,reddish,red
10156,reddish,red
1528,reddish,red
11458,reddish,red
7992,reddish,red
11447,reddish-brown,brown
1868,reddish-brown,brown
16947,reddish-brown,brown
18520,reddish-brown,brown
15358,reddish-brown,brown
2266,reddish-brown,brown
15289,reddish-brown,brown
5486,reddish-brown,brown
14533,reddish-colored,red
754,reddish-gray,gray
14528,reddish-gray,gray
15043,reddish-gray,gray
18850,reddish-gray,gray
12666,reddish-gray,gray
7568,reddish-gray,gray
13832,reddish-gray,gray
2563,reddish-gray,gray
7179,reddish-yellow,yellow
2185,reddish-yellow,yellow
19227,reddish-yellow,yellow
15111,reddish-yellow,yellow
6995,reddish-yellow,yellow
1210,reddish-yellow,yellow
16829,reddish-yellow,yellow
6367,reddish-yellow,yellow
19308,reddy,red
6603,reddy,red
5941,reddy,red
5713,reddy,red
209,reddy,red
10370,reddy,red
4365,reddy,red
18832,reddy,red
9991,rich-brown,brown
4130,rich-brown,brown
16014,rich-brown,brown
7321,rich-brown,brown
3318,rich-brown,brown
16806,rich-brown,brown
9820,rich-brown,brown
4812,rich-brown,brown
19214,richly-gilt,gilt
12084,richly-gilt,gilt
7875,richly-gilt,gilt
6559,richly-gilt,gilt
11917,richly-gilt,gilt
7250,richly-gilt,gilt
16796,richly-gilt,gilt
2492,richly-gilt,gilt
11968,rose,pink
2160,rose,pink
15641,rose,pink
3224,rose,pink
15428,rose,pink
16721,rose,pink
19567,rose,pink
15930,rose,pink
3410,rose-color,NULL
7790,rose-color,NULL
17740,rose-color,NULL
14902,rose-color,NULL
18935,rose-color,NULL
6563,rose-color,NULL
4464,rose-color,NULL
2262,rose-color,red
13079,rose-colored,NULL
9020,rose-colored,NULL
2593,rose-colored,NULL
508,rose-colored,NULL
8284,rose-colored,NULL
11867,rose-colored,NULL
11294,rose-colored,NULL
340,rose-colored,red
11581,rose-pink,pink
17859,rose-pink,pink
8221,rose-pink,pink
4163,rose-pink,pink
11157,rose-pink,pink
13181,rose-pink,pink
6656,rose-pink,pink
4657,rose-pink,pink
8767,rose-red,red
11563,rose-red,red
10976,rose-red,red
10656,rose-red,red
17091,rose-red,red
9924,rose-red,red
14641,rose-red,red
12686,rose-red,red
17625,roseate,red
14078,roseate,red
3033,roseate,red
18682,roseate,red
1301,roseate,red
10913,roseate,red
9477,roseate,red
7547,roseate,red
11975,rosy,red
2178,rosy,red
2584,rosy,red
3226,rosy,red
15433,rosy,red
16724,rosy,red
19571,rosy,red
15752,rosy,red
6496,rosy-red,red
15292,rosy-red,red
14537,rosy-red,red
12855,rosy-red,red
10175,rosy-red,red
18412,rosy-red,red
12398,rosy-red,red
8706,rosy-red,red
736,rouge,red
12215,rouge,red
1179,rouge,red
18869,rouge,red
6275,rouge,red
19363,rouge,red
15522,rouge,red
14951,rouge,red
3567,rubicund,red
6500,rubicund,red
18732,rubicund,red
13394,rubicund,red
6634,rubicund,red
16469,rubicund,red
12285,rubicund,red
14352,rubicund,red
2039,ruby,red
12531,ruby,red
3773,ruby,red
3028,ruby,red
5420,ruby,red
6703,ruby,red
16949,ruby,red
5287,ruby,red
6288,ruby-colored,NULL
11076,ruby-colored,NULL
6436,ruby-colored,NULL
9086,ruby-colored,NULL
5216,ruby-colored,NULL
6055,ruby-colored,NULL
14430,ruby-colored,NULL
2949,ruby-colored,red
7991,ruddy,red
6347,ruddy,red
7087,ruddy,red
13946,ruddy,red
4965,ruddy,red
18665,ruddy,red
15760,ruddy,red
16849,ruddy,red
14262,ruddy-brown,brown
17301,ruddy-brown,brown
13541,ruddy-brown,brown
15215,ruddy-brown,brown
14540,ruddy-brown,brown
8139,ruddy-brown,brown
13327,ruddy-brown,brown
7975,ruddy-brown,brown
1326,russet,red
12565,russet,red
14974,russet,red
9454,russet,red
17282,russet,red
9230,russet,red
5344,russet,red
5984,russet,red
11068,russet-brown,brown
7082,russet-brown,brown
2982,russet-brown,brown
9016,russet-brown,brown
1848,russet-brown,brown
9178,russet-brown,brown
7572,russet-brown,brown
7410,russet-brown,brown
17698,russet-colored,brown
16961,rust,red
16473,rust,red
7722,rust,red
18088,rust,red
705,rust,red
2106,rust,red
2034,rust,red
4367,rust,red
18188,rust-colored,brown
16774,rusty-black,black
10477,rusty-black,black
1352,rusty-black,black
2717,rusty-black,black
13198,rusty-black,black
9378,rusty-black,black
12815,rusty-black,black
13923,rusty-black,black
11887,saffron,yellow
8629,saffron,yellow
7065,saffron,yellow
8455,saffron,yellow
17998,saffron,yellow
19162,saffron,yellow
11232,saffron,yellow
15341,saffron,yellow
12417,saffron-colored,NULL
8940,saffron-colored,NULL
9530,saffron-colored,NULL
17096,saffron-colored,NULL
16488,saffron-colored,NULL
7687,saffron-colored,NULL
11258,saffron-colored,NULL
10569,saffron-colored,red
9155,sage-green,green
3545,sage-green,green
12921,sage-green,green
9891,sage-green,green
11128,sage-green,green
4049,sage-green,green
6624,sage-green,green
10480,sage-green,green
4347,salmon,orange
15207,salmon,orange
10858,salmon,orange
5823,salmon,orange
15777,salmon,orange
14899,salmon,orange
15514,salmon,orange
15197,salmon,orange
2541,salmon-colored,NULL
12682,salmon-colored,NULL
13485,salmon-colored,NULL
9728,salmon-colored,NULL
13838,salmon-colored,NULL
793,salmon-colored,NULL
3027,salmon-colored,NULL
9289,salmon-colored,pink
13528,sand-colored,NULL
6370,sand-colored,NULL
12023,sand-colored,NULL
13561,sand-colored,NULL
410,sand-colored,NULL
14378,sand-colored,NULL
11668,sand-colored,NULL
11123,sand-colored,yellow
203,sandy-colored,NULL
11073,sandy-colored,NULL
2999,sandy-colored,NULL
3016,sandy-colored,NULL
5456,sandy-colored,NULL
18071,sandy-colored,NULL
13308,sandy-colored,NULL
14118,sandy-colored,yellow
7081,sanguine,red
9709,sanguine,red
5058,sanguine,red
15336,sanguine,red
15420,sanguine,red
486,sanguine,red
945,sanguine,red
9160,sanguine,red
2583,sapphire,blue
6301,sapphire,blue
18157,sapphire,blue
2302,sapphire,blue
17087,sapphire,blue
19258,sapphire,blue
18664,sapphire,blue
9805,sapphire,blue
14961,scarlet,red
8061,scarlet,red
12425,scarlet,red
3416,scarlet,red
13164,scarlet,red
5571,scarlet,red
4771,scarlet,red
18996,scarlet,red
6578,scarlet-colored,red
14649,sea-blue,blue
18215,sea-blue,blue
11777,sea-blue,blue
8732,sea-blue,blue
9562,sea-blue,blue
5421,sea-blue,blue
17549,sea-blue,blue
4645,sea-blue,blue
18178,sea-green,green
16658,sea-green,green
5640,sea-green,green
991,sea-green,green
8349,sea-green,green
8307,sea-green,green
896,sea-green,green
8842,sea-green,green
6199,sepia,brown
9410,sepia,brown
5788,sepia,brown
10284,sepia,brown
19215,sepia,brown
14407,sepia,brown
15437,sepia,brown
9874,sepia,brown
1968,shadow,gray
5112,shadow,gray
981,shadow,gray
5484,shadow,gray
14354,shadow,gray
1523,shadow,gray
3418,shadow,gray
6196,shadow,gray
5954,silver,gray
9407,silver,gray
12279,silver,gray
5727,silver,gray
12152,silver,gray
7537,silver,gray
8354,silver,gray
2895,silver,gray
2280,silver-gilt,gilt
2208,silver-gilt,gilt
12644,silver-gilt,gilt
3259,silver-gilt,gilt
3023,silver-gilt,gilt
8203,silver-gilt,gilt
9791,silver-gilt,gilt
8099,silver-gilt,gilt
19075,silver-gray,gray
13305,silver-gray,gray
5612,silver-gray,gray
1814,silver-gray,gray
18694,silver-gray,gray
12515,silver-gray,gray
4394,silver-gray,gray
2546,silver-gray,gray
1400,silver-white,white
7593,silver-white,white
7382,silver-white,white
4124,silver-white,white
6765,silver-white,white
17205,silver-white,white
578,silver-white,white
8718,silver-white,white
7864,silvery,white
18704,silvery,white
15142,silvery,white
18393,silvery,white
14357,silvery,white
15059,silvery,white
16591,silvery,white
695,silvery,white
9693,silvery-gray,gray
11406,silvery-gray,gray
17756,silvery-gray,gray
514,silvery-gray,gray
10610,silvery-gray,gray
17563,silvery-gray,gray
7266,silvery-gray,gray
8104,silvery-gray,gray
7189,silvery-white,white
8301,silvery-white,white
8191,silvery-white,white
2551,silvery-white,white
16337,silvery-white,white
8946,silvery-white,white
16577,silvery-white,white
3454,silvery-white,white
18716,sky-blue,blue
8558,sky-blue,blue
6917,sky-blue,blue
18743,sky-blue,blue
11224,sky-blue,blue
5318,sky-blue,blue
19002,sky-blue,blue
16107,sky-blue,blue
14041,sky-colored,blue
2177,slate-colored,NULL
15797,slate-colored,NULL
15646,slate-colored,NULL
592,slate-colored,NULL
12651,slate-colored,NULL
744,slate-colored,NULL
14965,slate-colored,NULL
5544,slate-colored,gray
1687,slate-gray,gray
18414,slate-gray,gray
16283,slate-gray,gray
13819,slate-gray,gray
13213,slate-gray,gray
2069,slate-gray,gray
4351,slate-gray,gray
4536,slate-gray,gray
3356,sloe-black,black
15103,sloe-black,black
18515,sloe-black,black
1774,sloe-black,black
6596,sloe-black,black
6637,sloe-black,black
13895,sloe-black,black
14009,sloe-black,black
16423,snow-white,white
13765,snow-white,white
5085,snow-white,white
18143,snow-white,white
19001,snow-white,white
13276,snow-white,white
13189,snow-white,white
3906,snow-white,white
1676,snowy-white,white
18984,snowy-white,white
17196,snowy-white,white
8041,snowy-white,white
128,snowy-white,white
5864,snowy-white,white
4002,snowy-white,white
12967,snowy-white,white
16375,snuff-brown,brown
16130,snuff-brown,brown
4774,snuff-brown,brown
18310,snuff-brown,brown
7811,snuff-brown,brown
8470,snuff-brown,brown
16149,snuff-brown,brown
12469,snuff-brown,brown
14979,soft-blue,blue
2420,soft-blue,blue
10290,soft-blue,blue
12535,soft-blue,blue
9761,soft-blue,blue
7967,soft-blue,blue
6631,soft-blue,blue
3229,soft-blue,blue
9263,steel-blue,blue
17839,steel-blue,blue
7607,steel-blue,blue
10436,steel-blue,blue
1985,steel-blue,blue
9822,steel-blue,blue
8681,steel-blue,blue
19178,steel-blue,blue
4690,steel-colored,gray
13915,steel-gray,gray
596,steel-gray,gray
18854,steel-gray,gray
51,steel-gray,gray
11681,steel-gray,gray
18097,steel-gray,gray
15741,steel-gray,gray
3516,steel-gray,gray
16847,stone-colored,NULL
12847,stone-colored,NULL
11700,stone-colored,NULL
5311,stone-colored,NULL
3615,stone-colored,NULL
12173,stone-colored,NULL
19425,stone-colored,NULL
7766,stone-colored,gray
2996,straw-colored,NULL
13570,straw-colored,NULL
13179,straw-colored,NULL
19544,straw-colored,NULL
12353,straw-colored,NULL
14740,straw-colored,NULL
3923,straw-colored,NULL
13965,straw-colored,yellow
11492,strawberry,red
12229,strawberry,red
10331,strawberry,red
4245,strawberry,red
4563,strawberry,red
584,strawberry,red
3607,strawberry,red
16575,strawberry,red
3825,sugar-plum,plum
633,sugar-plum,plum
680,sugar-plum,plum
11381,sugar-plum,plum
8599,sugar-plum,plum
12533,sugar-plum,plum
17149,sugar-plum,plum
2062,sugar-plum,plum
9557,sulphur-colored,NULL
1182,sulphur-colored,NULL
14989,sulphur-colored,NULL
3092,sulphur-colored,NULL
18505,sulphur-colored,NULL
1501,sulphur-colored,NULL
4255,sulphur-colored,NULL
16121,sulphur-colored,yellow
17355,tan,brown
4281,tan,brown
18533,tan,brown
9095,tan,brown
14937,tan,brown
9969,tan,brown
14743,tan,brown
9417,tan,brown
6795,tan-colored,brown
17295,tawny,brown
9508,tawny,brown
19561,tawny,brown
7345,tawny,brown
15583,tawny,brown
420,tawny,brown
14343,tawny,brown
9111,tawny,brown
12622,tawny-colored,NULL
6185,tawny-colored,NULL
18510,tawny-colored,NULL
7616,tawny-colored,NULL
12408,tawny-colored,NULL
18708,tawny-colored,NULL
7673,tawny-colored,NULL
18222,tawny-colored,brown
3441,teal,green
3569,teal,green
14239,teal,green
8057,teal,green
15917,teal,green
17877,teal,green
9922,teal,green
4996,teal,green
5057,terra-cotta,brown
10008,terra-cotta,brown
6684,terra-cotta,brown
10208,terra-cotta,brown
6966,terra-cotta,brown
10407,terra-cotta,brown
9198,terra-cotta,brown
6193,terra-cotta,brown
17329,topaz,yellow
10783,topaz,yellow
1272,topaz,yellow
10874,topaz,yellow
12000,topaz,yellow
14253,topaz,yellow
5880,topaz,yellow
18580,topaz,yellow
17579,tow-colored,yellow
5286,true-blue,blue
3422,true-blue,blue
16656,true-blue,blue
15054,true-blue,blue
5285,true-blue,blue
6838,true-blue,blue
7218,true-blue,blue
12391,true-blue,blue
8105,turquoise,blue
13727,turquoise,blue
5129,turquoise,blue
13612,turquoise,blue
16878,turquoise,blue
5833,turquoise,blue
2318,turquoise,blue
869,turquoise,blue
3713,turquoise-blue,blue
9675,turquoise-blue,blue
18762,turquoise-blue,blue
15979,turquoise-blue,blue
10628,turquoise-blue,blue
7459,turquoise-blue,blue
10809,turquoise-blue,blue
15705,turquoise-blue,blue
11542,ultramarine,blue
9195,ultramarine,blue
7019,ultramarine,blue
7312,ultramarine,blue
9623,ultramarine,blue
11286,ultramarine,blue
1246,ultramarine,blue
19566,ultramarine,blue
1678,umber,brown
11969,umber,brown
7985,umber,brown
19453,umber,brown
5824,umber,brown
13166,umber,brown
18764,umber,brown
8613,umber,brown
12614,verdigris,green
989,verdigris,green
2574,verdigris,green
160,verdigris,green
13020,verdigris,green
18645,verdigris,green
13476,verdigris,green
2719,verdigris,green
2841,vermilion,red
11948,vermilion,red
13726,vermilion,red
14671,vermilion,red
17223,vermilion,red
8748,vermilion,red
19218,vermilion,red
12091,vermilion,red
16662,violet,purple
18350,violet,purple
16296,violet,purple
11014,violet,purple
3372,violet,purple
15949,violet,purple
1530,violet,purple
19275,violet,purple
10904,violet-blue,blue
12027,violet-blue,blue
4094,violet-blue,blue
7925,violet-blue,blue
8731,violet-blue,blue
12542,violet-blue,blue
6333,violet-blue,blue
16422,violet-blue,blue
14728,violet-colored,NULL
15086,violet-colored,NULL
8560,violet-colored,NULL
5254,violet-colored,NULL
17479,violet-colored,NULL
5004,violet-colored,NULL
848,violet-colored,NULL
19522,violet-colored,purple
484,water-colored,blue
3636,wheat,yellow
5059,wheat,yellow
17821,wheat,yellow
2986,wheat,yellow
3179,wheat,yellow
15344,wheat,yellow
17984,wheat,yellow
2340,wheat,yellow
12881,white,white
6069,white,white
853,white,white
18221,white,white
4217,white,white
2530,white,white
11387,white,white
4065,white,white
2434,white-rose,rose
799,white-rose,rose
5222,white-rose,rose
12447,white-rose,rose
2833,white-rose,rose
2105,white-rose,rose
1645,white-rose,rose
17066,white-rose,rose
2847,whiten,white
4197,whiten,white
5701,whiten,white
17438,whiten,white
15595,whiten,white
2041,whiten,white
16720,whiten,white
16445,whiten,white
17159,whiter,white
4193,whiter,white
5693,whiter,white
17458,whiter,white
15579,whiter,white
2060,whiter,white
16729,whiter,white
5982,whiter,white
9785,whitest,white
2772,whitest,white
10425,whitest,white
17490,whitest,white
17027,whitest,white
8900,whitest,white
693,whitest,white
3798,whitest,white
2388,whitey-brown,brown
780,whitey-brown,brown
5534,whitey-brown,brown
8238,whitey-brown,brown
5734,whitey-brown,brown
8103,whitey-brown,brown
3049,whitey-brown,brown
1665,whitey-brown,brown
16830,whitish,white
8390,whitish,white
1432,whitish,white
4976,whitish,white
9989,whitish,white
15999,whitish,white
13144,whitish,white
10721,whitish,white
12739,whity-brown,brown
10311,whity-brown,brown
11436,whity-brown,brown
4914,whity-brown,brown
7933,whity-brown,brown
6809,whity-brown,brown
14068,whity-brown,brown
8089,whity-brown,brown
14950,yellow,yellow
8064,yellow,yellow
16284,yellow,yellow
13622,yellow,yellow
18124,yellow,yellow
18118,yellow,yellow
5829,yellow,yellow
12625,yellow,yellow
8336,yellow-brown,brown
10366,yellow-brown,brown
9808,yellow-brown,brown
18140,yellow-brown,brown
6008,yellow-brown,brown
12127,yellow-brown,brown
8021,yellow-brown,brown
6490,yellow-brown,brown
4219,yellow-colored,NULL
1532,yellow-colored,NULL
18239,yellow-colored,NULL
5714,yellow-colored,NULL
18408,yellow-colored,NULL
14778,yellow-colored,NULL
15790,yellow-colored,NULL
15154,yellow-colored,yellow
14935,yellow-gray,gray
15983,yellow-gray,gray
3278,yellow-gray,gray
13127,yellow-gray,gray
1513,yellow-gray,gray
16055,yellow-gray,gray
2241,yellow-gray,gray
2490,yellow-gray,gray
7819,yellow-green,green
10928,yellow-green,green
4849,yellow-green,green
7869,yellow-green,green
4727,yellow-green,green
15080,yellow-green,green
8106,yellow-green,green
14624,yellow-green,green
12630,yellow-white,white
15187,yellow-white,white
10115,yellow-white,white
17642,yellow-white,white
4180,yellow-white,white
1346,yellow-white,white
16094,yellow-white,white
808,yellow-white,white
9394,yellower,yellow
10418,yellower,yellow
16222,yellower,yellow
2821,yellower,yellow
6902,yellower,yellow
2767,yellower,yellow
4937,yellower,yellow
18916,yellower,yellow
13631,yellowest,yellow
3051,yellowest,yellow
18083,yellowest,yellow
4123,yellowest,yellow
5024,yellowest,yellow
14939,yellowest,yellow
1986,yellowest,yellow
9109,yellowest,yellow
10526,yellowish,yellow
15712,yellowish,yellow
6580,yellowish,yellow
8976,yellowish,yellow
8402,yellowish,yellow
2390,yellowish,yellow
18508,yellowish,yellow
16200,yellowish,yellow
10343,yellowish-green,green
16045,yellowish-green,green
10993,yellowish-green,green
16051,yellowish-green,green
16762,yellowish-green,green
7064,yellowish-green,green
8300,yellowish-green,green
4649,yellowish-green,green
8043,yellowish-white,white
9816,yellowish-white,white
4046,yellowish-white,white
13780,yellowish-white,white
2903,yellowish-white,white
2946,yellowish-white,white
12575,yellowish-white,white
7277,yellowish-white,white
14452,yellowy,yellow
19082,yellowy,yellow
2180,yellowy,yellow
18862,yellowy,yellow
7763,yellowy,yellow
977,yellowy,yellow
2243,yellowy,yellow
16718,yellowy,yellow
